City_ID,City,Country,Lat,Lng,Max Temp,Humidity,Cloudiness,Wind Speed,Current Description
0,Annau,TM,37.89,58.52,69.8,35,0,4.7,clear sky
1,Rikitea,PF,-23.12,-134.97,69.28,66,0,5.77,clear sky
2,Kuching,MY,1.55,110.33,77.0,94,20,2.24,few clouds
3,Hobart,AU,-42.88,147.33,57.99,58,75,13.87,broken clouds
4,Ushuaia,AR,-54.8,-68.3,33.8,94,90,11.41,light snow
5,Stutterheim,ZA,-32.57,27.42,43.63,83,48,3.42,scattered clouds
6,Hermanus,ZA,-34.42,19.23,48.0,90,37,4.0,moderate rain
7,High Level,CA,58.52,-117.14,60.8,77,75,14.99,broken clouds
8,Ostrovnoy,RU,68.05,39.51,48.58,66,74,11.43,broken clouds
9,Tiarei,PF,-17.53,-149.33,82.4,65,20,10.29,few clouds
10,Ketchikan,US,55.34,-131.65,55.4,87,75,16.11,light rain
11,Santiago Del Estero,AR,-27.8,-64.26,66.6,70,4,4.59,clear sky
12,Teknaf,BD,20.86,92.31,78.55,89,58,3.74,broken clouds
13,Haines Junction,CA,60.75,-137.51,47.68,84,100,2.28,light rain
14,Charters Towers,AU,-20.1,146.27,69.24,48,1,19.75,clear sky
15,Cape Town,ZA,-33.93,18.42,50.0,81,90,16.11,moderate rain
16,East London,ZA,-33.02,27.91,59.86,69,38,5.37,scattered clouds
17,Ilulissat,GL,69.22,-51.1,46.4,45,86,8.05,overcast clouds
18,Avarua,CK,-21.21,-159.78,77.0,69,22,13.87,few clouds
19,Saint-Philippe,RE,-21.36,55.77,68.0,72,35,3.36,light rain
20,Port Alfred,ZA,-33.59,26.89,56.77,69,0,9.08,clear sky
21,Gotsu,JP,35.0,132.22,84.2,74,20,5.82,few clouds
22,Vaini,TO,-21.2,-175.2,78.8,74,75,11.41,broken clouds
23,Octeville,FR,49.63,-1.64,57.99,87,94,14.99,overcast clouds
24,San Patricio,MX,19.22,-104.7,84.2,51,75,11.41,broken clouds
25,Saldanha,ZA,-33.01,17.94,48.2,87,52,4.7,moderate rain
26,Ekhabi,RU,53.51,142.97,58.91,71,0,12.77,light rain
27,Vostok,RU,46.49,135.88,57.92,99,100,6.73,overcast clouds
28,Togur,RU,58.36,82.83,51.62,95,54,5.86,broken clouds
29,Nikolskoye,RU,59.7,30.79,55.99,93,40,2.24,scattered clouds
30,Albany,US,42.6,-73.97,70.0,81,65,1.92,broken clouds
31,Mataura,NZ,-46.19,168.86,45.0,72,35,11.01,scattered clouds
32,Key West,US,24.56,-81.78,89.6,70,1,9.17,clear sky
33,Gunjur,GM,13.2,-16.73,78.8,94,20,3.36,few clouds
34,Thompson,CA,55.74,-97.86,59.0,82,75,6.93,broken clouds
35,Tasiilaq,GL,65.61,-37.64,42.8,93,100,2.24,light intensity shower rain
36,Erie,US,42.77,-78.67,71.6,73,90,6.93,overcast clouds
37,Bogalusa,US,30.79,-89.85,80.6,83,1,3.36,clear sky
38,Udupi,IN,13.35,74.75,75.2,100,40,3.36,mist
39,Kapaa,US,22.08,-159.32,84.2,70,1,11.41,clear sky
40,Matai,TZ,-8.3,31.52,58.73,56,29,4.88,scattered clouds
41,Kaseda,JP,31.42,130.32,84.0,88,20,2.24,few clouds
42,Acapulco,MX,16.86,-99.89,84.2,74,75,9.17,broken clouds
43,Maldonado,UY,-34.67,-54.92,60.8,93,75,1.12,broken clouds
44,Maymyo,MM,22.03,96.47,82.4,83,75,5.82,light rain
45,San Cristobal,VE,7.77,-72.22,82.4,69,40,11.41,scattered clouds
46,Segamat,MY,2.51,102.82,77.0,88,20,1.66,few clouds
47,Komsomolskiy,UZ,40.43,71.72,64.4,63,0,6.93,clear sky
48,Amberley,US,39.2,-84.43,79.0,88,1,3.36,clear sky
49,Te Anau,NZ,-45.42,167.72,45.79,76,63,10.11,broken clouds
50,Khatanga,RU,71.97,102.5,58.69,50,8,5.77,clear sky
51,Hailun,CN,47.45,126.93,60.71,91,100,16.64,overcast clouds
52,Hilo,US,19.73,-155.09,84.2,54,75,8.05,broken clouds
53,Mar Del Plata,AR,-38.0,-57.56,55.99,93,75,5.82,mist
54,Tamworth,GB,52.63,-1.7,50.0,87,75,16.11,light rain
55,Dunedin,NZ,-45.87,170.5,52.09,56,25,3.29,scattered clouds
56,Cockburn Town,TC,21.46,-71.14,82.96,81,1,16.44,clear sky
57,Punta Arenas,CL,-53.15,-70.92,32.0,90,12,20.8,few clouds
58,Provideniya,RU,64.38,-173.3,51.8,76,75,6.71,broken clouds
59,Belmonte,BR,-15.86,-38.88,73.4,83,75,5.82,broken clouds
60,Yendi,GH,9.44,-0.01,72.9,92,84,6.44,broken clouds
61,Puerto Ayora,EC,-0.74,-90.35,65.57,85,46,9.62,scattered clouds
62,Dingle,PH,11.0,122.67,81.1,81,100,5.5,overcast clouds
63,Moree,AU,-29.47,149.85,59.0,54,0,9.17,clear sky
64,Port Hardy,CA,50.7,-127.42,60.8,72,90,10.29,overcast clouds
65,Northam,GB,51.03,-4.22,55.0,77,83,8.99,broken clouds
66,Buchanan,LR,5.88,-10.05,76.33,85,100,10.04,overcast clouds
67,Ponta Do Sol,PT,32.67,-17.1,75.2,69,20,11.41,few clouds
68,Flinders,AU,-34.58,150.86,64.0,50,0,4.0,clear sky
69,Urucui,BR,-7.23,-44.56,79.12,37,29,2.77,scattered clouds
70,Atuona,PF,-9.8,-139.03,78.06,79,63,21.59,light rain
71,Vardo,NO,70.37,31.11,48.15,71,25,6.96,scattered clouds
72,Georgetown,MY,5.41,100.34,78.8,88,20,2.24,few clouds
73,Hofn,IS,64.25,-15.21,51.93,60,36,5.37,scattered clouds
74,Lucea,JM,18.45,-78.17,86.0,84,40,10.29,scattered clouds
75,Jalu,LY,29.03,21.55,78.17,61,0,10.83,clear sky
76,Lexington,US,37.99,-84.48,75.2,94,75,11.41,mist
77,Kaitangata,NZ,-46.28,169.85,52.81,55,69,16.87,broken clouds
78,Luganville,VU,-15.53,167.17,76.06,91,100,13.24,heavy intensity rain
79,Bredasdorp,ZA,-34.53,20.04,50.0,76,4,9.17,light rain
80,Kodiak,US,57.79,-152.41,59.04,66,0,3.09,clear sky
81,Arraial Do Cabo,BR,-22.97,-42.03,71.6,78,0,13.87,clear sky
82,Rawson,AR,-43.3,-65.1,45.59,50,64,18.43,broken clouds
83,Paltinis,RO,48.22,26.65,59.0,80,45,5.68,light rain
84,Nanortalik,GL,60.14,-45.24,49.35,75,100,18.28,light rain
85,Busselton,AU,-33.65,115.33,48.99,74,14,11.43,few clouds
86,Ribeira Grande,PT,38.52,-28.7,74.46,94,15,10.33,few clouds
87,Akonolinga,CM,3.77,12.25,67.39,97,100,6.53,moderate rain
88,Tsumeb,NA,-19.23,17.72,64.9,28,15,15.57,few clouds
89,New Norfolk,AU,-42.78,147.06,57.99,59,100,5.01,overcast clouds
90,Petrovskaya,RU,45.43,37.95,62.6,100,40,6.71,scattered clouds
91,Nola,IT,40.92,14.53,75.99,83,0,1.52,clear sky
92,Pauini,BR,-7.71,-66.98,83.7,47,77,1.7,broken clouds
93,Tuktoyaktuk,CA,69.45,-133.04,51.8,62,20,11.41,few clouds
94,Riyadh,SA,24.69,46.72,84.2,28,100,2.24,overcast clouds
95,Safaga,EG,26.73,33.94,86.0,28,0,10.29,clear sky
96,Kembe,CF,4.62,21.89,69.42,96,100,3.98,overcast clouds
97,Castro,BR,-24.79,-50.01,58.71,81,0,2.48,clear sky
98,Evensk,RU,61.95,159.23,52.79,67,49,13.42,scattered clouds
99,Inhambane,MZ,-23.86,35.38,71.01,90,1,13.62,clear sky
100,Labuhan,ID,-6.88,112.21,78.1,79,7,10.09,clear sky
101,Eureka,US,40.8,-124.16,66.0,43,1,1.01,clear sky
102,Chuy,UY,-33.7,-53.46,56.08,98,42,4.41,scattered clouds
103,Hazorasp,UZ,41.32,61.07,66.2,48,0,2.24,clear sky
104,Bambous Virieux,MU,-20.34,57.76,71.6,78,40,8.05,scattered clouds
105,Saint-Pierre,RE,-21.34,55.48,68.0,72,37,3.36,scattered clouds
106,Yuancheng,CN,36.65,107.79,68.49,75,63,10.16,broken clouds
107,Chicama,PE,-7.84,-79.15,61.88,84,10,6.76,clear sky
108,Dikson,RU,73.51,80.55,48.29,81,82,6.44,broken clouds
109,Hobyo,SO,5.35,48.53,76.46,83,95,23.73,overcast clouds
110,Kavaratti,IN,10.57,72.64,81.7,78,100,12.8,overcast clouds
111,Constitucion,CL,-35.33,-72.42,51.08,90,100,12.5,light rain
112,Katsuura,JP,35.13,140.3,89.6,70,20,13.87,few clouds
113,Saint George,US,37.1,-113.58,102.2,10,1,19.46,clear sky
114,Camacha,PT,33.08,-16.33,73.4,88,40,11.41,scattered clouds
115,Semey,KZ,50.41,80.23,50.0,100,40,4.47,fog
116,Ixtapa,MX,20.7,-105.2,84.2,70,75,4.7,broken clouds
117,Bethel,US,41.37,-73.41,75.0,78,40,3.36,scattered clouds
118,Jeremie,HT,18.65,-74.12,82.83,77,19,1.77,few clouds
119,Huarmey,PE,-10.07,-78.15,62.31,83,10,10.16,clear sky
120,Baker City,US,44.77,-117.83,82.4,24,1,9.17,haze
121,Kruisfontein,ZA,-34.0,24.73,49.44,90,7,11.34,clear sky
122,Longyearbyen,SJ,78.22,15.64,32.0,92,90,3.36,overcast clouds
123,Wilmington,US,34.23,-77.94,84.0,87,100,9.8,overcast clouds
124,Reconquista,AR,-29.15,-59.65,67.23,89,26,5.66,scattered clouds
125,Yueyang,CN,29.33,113.09,79.38,74,0,3.96,clear sky
126,Morant Bay,JM,17.88,-76.41,86.0,84,20,17.22,few clouds
127,Bluff,NZ,-46.6,168.33,45.0,72,91,11.01,overcast clouds
128,Sorland,NO,67.67,12.69,48.4,63,47,6.73,scattered clouds
129,Mayahi,NE,13.96,7.67,79.52,64,40,14.38,scattered clouds
130,Ancud,CL,-41.87,-73.82,39.99,71,40,9.17,scattered clouds
131,Qaanaaq,GL,77.48,-69.36,40.05,88,100,4.07,overcast clouds
132,Xai-Xai,MZ,-25.05,33.64,72.93,64,13,13.47,few clouds
133,Luena,AO,-11.78,19.92,60.69,94,69,3.69,broken clouds
134,Basco,PH,20.45,121.97,84.07,81,96,15.88,moderate rain
135,Waitati,NZ,-45.75,170.57,55.15,54,14,3.98,light rain
136,Palghar,IN,19.68,72.75,78.8,94,90,9.17,moderate rain
137,Cabo San Lucas,MX,22.89,-109.91,79.0,88,90,3.36,overcast clouds
138,Chukhloma,RU,58.75,42.68,53.02,96,2,1.72,clear sky
139,Klaksvik,FO,62.23,-6.59,46.4,87,78,1.12,broken clouds
140,Dong Hoi,VN,17.48,106.6,81.59,79,94,5.59,overcast clouds
141,Severo-Kurilsk,RU,50.68,156.12,52.81,79,59,10.22,broken clouds
142,Butaritari,KI,3.07,172.79,82.27,74,99,15.14,overcast clouds
143,Jamestown,US,42.1,-79.24,72.0,88,75,11.41,broken clouds
144,Necochea,AR,-38.55,-58.74,48.99,90,48,1.99,scattered clouds
145,San Buenaventura,MX,27.08,-101.53,99.75,27,7,17.83,clear sky
146,Waipawa,NZ,-41.41,175.52,57.99,67,45,23.04,scattered clouds
147,Lorengau,PG,-2.02,147.27,84.45,74,100,14.25,light rain
148,Miri,MY,4.41,114.01,75.2,100,40,3.36,scattered clouds
149,Suntar,RU,62.14,117.63,56.3,54,100,6.96,overcast clouds
150,Cidreira,BR,-30.18,-50.21,64.83,78,78,8.95,broken clouds
151,Soe,ID,-9.86,124.28,72.81,52,24,8.14,few clouds
152,Sakakah,SA,29.97,40.21,86.0,13,0,9.17,clear sky
153,Lebu,CL,-37.62,-73.65,45.01,82,91,21.18,overcast clouds
154,Decatur,US,39.84,-88.95,87.8,58,1,3.36,clear sky
155,Los Andes,CL,-32.83,-70.6,51.8,66,75,3.36,broken clouds
156,Vieux-Habitants,GP,16.06,-61.77,82.4,78,75,6.93,broken clouds
157,Iqaluit,CA,63.75,-68.51,48.2,66,75,2.24,broken clouds
158,Saint-Augustin,CA,51.23,-58.65,52.54,74,57,12.57,broken clouds
159,Portland,US,45.52,-122.68,84.99,37,1,8.05,clear sky
160,Norman Wells,CA,65.28,-126.83,51.8,66,90,11.41,overcast clouds
161,Bandar-E Lengeh,IR,26.56,54.88,88.9,67,77,17.9,broken clouds
162,Chhindwara,IN,22.07,78.93,70.86,97,100,12.93,heavy intensity rain
163,San Vicente,AR,-26.62,-54.13,67.26,71,8,2.93,clear sky
164,Baglung,NP,28.27,83.59,68.95,80,83,1.83,broken clouds
165,Sinop,TR,41.77,34.87,64.83,31,0,5.57,clear sky
166,Cabedelo,BR,-6.98,-34.83,75.2,94,78,5.82,broken clouds
167,Tuy Hoa,VN,13.08,109.3,81.43,74,82,10.22,broken clouds
168,Torbay,CA,47.67,-52.73,59.0,76,75,16.11,broken clouds
169,Geraldton,AU,-28.77,114.6,51.8,93,90,4.7,overcast clouds
170,Port Elizabeth,ZA,-33.92,25.57,55.4,82,1,10.29,light rain
171,Torbat-E Jam,IR,35.24,60.62,61.84,31,0,13.44,clear sky
172,Fortuna,US,40.6,-124.16,64.0,77,1,16.11,clear sky
173,Kilindoni,TZ,-7.91,39.67,76.21,80,77,12.97,broken clouds
174,Mount Isa,AU,-20.73,139.5,75.2,22,0,17.22,clear sky
175,Ron Phibun,TH,8.18,99.85,78.8,94,20,3.6,few clouds
176,Kapit,MY,2.02,112.93,77.31,91,95,0.2,overcast clouds
177,Naze,JP,28.37,129.48,86.0,89,20,10.29,few clouds
178,Pimenta Bueno,BR,-11.67,-61.19,89.06,33,85,1.21,overcast clouds
179,Algiers,DZ,36.75,3.04,73.4,83,0,3.36,clear sky
180,Talnakh,RU,69.49,88.4,53.6,71,56,11.18,broken clouds
181,Isla Mujeres,MX,21.23,-86.73,87.8,74,40,13.87,scattered clouds
182,Pacific Grove,US,36.62,-121.92,70.0,60,1,10.29,clear sky
183,Xining,CN,36.62,101.77,58.17,74,100,5.97,moderate rain
184,Porto Novo,BJ,6.5,2.6,77.0,88,75,12.75,broken clouds
185,Port Hedland,AU,-20.32,118.57,71.6,46,14,4.7,few clouds
186,Riohacha,CO,11.54,-72.91,84.51,72,2,12.01,clear sky
187,Port Lincoln,AU,-34.73,135.87,62.06,45,0,22.26,clear sky
188,Peniche,PT,39.36,-9.38,66.99,78,39,10.0,scattered clouds
189,Ugoofaaru,MV,5.67,73.0,83.03,70,71,10.89,broken clouds
190,Gat,IL,31.61,34.76,79.0,24,0,2.42,clear sky
191,Nouadhibou,MR,20.93,-17.03,77.0,88,75,6.93,broken clouds
192,Salar,ES,37.15,-4.02,79.0,47,29,6.93,scattered clouds
193,Isangel,VU,-19.55,169.27,79.5,72,23,12.1,few clouds
194,Escarcega,MX,18.61,-90.75,80.33,89,99,3.36,overcast clouds
195,Victoria,HK,22.29,114.16,86.0,79,60,3.89,broken clouds
196,Aklavik,CA,68.22,-135.01,55.4,54,40,6.93,scattered clouds
197,Jurm,AF,36.86,70.83,55.36,57,0,0.36,clear sky
198,Bengkulu,ID,-3.8,102.27,76.39,81,94,5.26,overcast clouds
199,Ambilobe,MG,-13.2,49.05,63.48,82,13,4.56,few clouds
200,Ondangwa,NA,-17.92,15.95,64.4,42,6,4.7,clear sky
201,Salalah,OM,17.02,54.09,75.2,100,90,3.36,heavy intensity drizzle
202,Kazanskaya,RU,45.41,40.44,62.65,92,2,6.13,clear sky
203,Hirara,JP,24.8,125.28,84.2,83,75,8.05,broken clouds
204,Lobau,DE,51.1,14.67,61.0,97,100,3.0,light rain
205,Prince Rupert,CA,54.32,-130.32,60.8,67,40,8.05,scattered clouds
206,Mackay,AU,-21.15,149.2,71.01,73,75,16.11,broken clouds
207,Igunga,TZ,-4.28,33.88,65.35,54,4,3.33,clear sky
208,Tiksi,RU,71.69,128.87,44.65,77,39,12.39,scattered clouds
209,Pisco,PE,-13.7,-76.22,63.0,82,40,14.99,scattered clouds
210,Tabora,TZ,-5.02,32.8,62.58,46,24,3.6,few clouds
211,Suhbaatar,MN,50.23,106.21,56.3,78,100,2.44,overcast clouds
212,Carnarvon,AU,-24.87,113.63,60.8,100,75,9.17,broken clouds
213,Port-Gentil,GA,-0.72,8.78,77.0,88,90,14.2,overcast clouds
214,Kasongo-Lunda,CD,-6.47,16.82,75.29,75,81,2.57,light rain
215,Faya,SA,18.39,42.45,69.8,88,6,6.93,clear sky
216,Hervey Bay,AU,-25.3,152.85,69.8,49,2,14.99,clear sky
217,Aksarka,RU,66.56,67.8,52.14,87,100,14.32,overcast clouds
218,Sitka,US,57.05,-135.33,55.4,76,90,6.93,light rain
219,Pitimbu,BR,-7.47,-34.81,75.2,94,63,5.82,broken clouds
220,Mamallapuram,IN,12.63,80.17,82.4,88,40,5.82,mist
221,Tagusao,PH,9.19,117.81,82.56,75,64,3.38,broken clouds
222,Saskylakh,RU,71.92,114.08,59.99,47,0,4.03,clear sky
223,Shubarkuduk,KZ,49.14,56.49,73.2,27,94,8.97,overcast clouds
224,Nador,MA,35.17,-2.93,82.4,51,0,11.41,clear sky
225,Yarmouth,US,41.71,-70.23,75.0,78,20,8.05,few clouds
226,Saint-Francois,FR,46.42,3.91,59.0,77,83,3.36,broken clouds
227,Darnah,LY,32.77,22.64,76.44,81,0,11.23,clear sky
228,Upernavik,GL,72.79,-56.15,39.78,73,0,15.35,clear sky
229,Salinopolis,BR,-0.61,-47.36,79.54,84,79,11.63,broken clouds
230,Porto Nacional,BR,-10.71,-48.42,87.8,35,66,5.82,broken clouds
231,Murray Bridge,AU,-35.12,139.27,64.99,47,0,15.57,clear sky
232,Chegutu,ZW,-18.13,30.14,64.06,60,0,6.51,clear sky
233,Wajir,KE,1.75,40.06,72.55,76,27,14.27,scattered clouds
234,Tuatapere,NZ,-46.13,167.68,45.0,72,59,11.01,broken clouds
235,Chokurdakh,RU,70.63,147.92,42.17,77,98,9.35,overcast clouds
236,Bathsheba,BB,13.22,-59.52,82.4,74,20,19.46,few clouds
237,Airai,TL,-8.93,125.41,67.32,58,26,5.86,scattered clouds
238,Cap Malheureux,MU,-19.98,57.61,68.0,80,2,3.0,clear sky
239,Bandarbeyla,SO,9.49,50.81,75.9,76,32,26.75,scattered clouds
240,Srednekolymsk,RU,67.45,153.68,44.02,87,100,1.01,overcast clouds
241,Mudanya,TR,40.38,28.88,77.0,82,0,6.24,clear sky
242,Gizo,SB,-8.1,156.84,82.85,72,92,5.12,light rain
243,La Ronge,CA,55.1,-105.28,62.6,63,75,6.93,broken clouds
244,Vestmannaeyjar,IS,63.44,-20.27,52.3,85,98,16.26,overcast clouds
245,Kysyl-Syr,RU,63.9,122.76,57.56,46,100,5.84,overcast clouds
246,Barrow,US,71.29,-156.79,41.0,75,90,16.11,overcast clouds
247,Lesnoye,RU,58.28,35.52,53.37,95,100,5.95,overcast clouds
248,Korla,CN,41.76,86.15,63.55,55,82,9.37,broken clouds
249,Buin,CL,-33.73,-70.75,51.8,66,75,3.36,broken clouds
250,Ekibastuz,KZ,51.67,75.37,59.2,60,0,7.78,clear sky
251,Shelburne,CA,44.08,-80.2,68.0,72,90,8.05,overcast clouds
252,Oktyabrskiy,RU,54.48,53.47,62.91,53,99,4.59,overcast clouds
253,Cherskiy,RU,68.75,161.3,46.71,79,87,6.62,overcast clouds
254,Esperance,AU,-33.87,121.9,50.0,87,75,24.16,broken clouds
255,Tougan,BF,13.07,-3.07,74.39,89,13,7.87,few clouds
256,Ishinomaki,JP,38.42,141.3,86.0,74,20,3.36,few clouds
257,Quatre Cocos,MU,-20.21,57.76,71.6,78,40,8.05,scattered clouds
258,Qrendi,MT,35.83,14.46,77.0,94,20,3.36,few clouds
259,Zhigansk,RU,66.77,123.37,57.15,54,94,8.32,overcast clouds
260,Hualmay,PE,-11.1,-77.61,61.61,84,20,11.21,few clouds
261,Lodja,CD,-3.48,23.43,70.57,87,63,2.44,light rain
262,Vanavara,RU,60.34,102.28,55.65,83,80,3.06,broken clouds
263,Margate,GB,51.38,1.39,61.0,79,45,1.01,scattered clouds
264,Banda Aceh,ID,5.56,95.32,80.04,77,100,4.43,overcast clouds
265,Timizart,DZ,36.8,4.27,77.4,35,0,3.42,clear sky
266,Vrangel,RU,42.73,133.08,71.46,94,82,16.17,broken clouds
267,Markova,UA,48.68,24.41,54.36,66,56,4.38,broken clouds
268,Mayo,US,38.89,-76.51,77.0,100,90,4.09,moderate rain
269,San Quintin,MX,30.48,-115.95,76.73,63,31,12.73,scattered clouds
270,Khorramshahr,IR,30.44,48.17,86.0,40,0,6.93,clear sky
271,Marsh Harbour,BS,26.54,-77.06,84.72,73,76,5.28,broken clouds
272,Surovatikha,RU,55.77,43.9,61.0,100,40,5.59,scattered clouds
273,Morros,BR,-9.45,-46.3,76.98,27,3,4.18,clear sky
274,Husavik,IS,66.04,-17.34,48.2,87,90,2.24,overcast clouds
275,Hami,CN,42.8,93.45,65.97,40,58,15.64,broken clouds
276,Lisala,CD,2.15,21.52,70.43,97,97,1.97,overcast clouds
277,Makakilo City,US,21.35,-158.09,89.6,46,40,11.41,scattered clouds
278,Hithadhoo,MV,-0.6,73.08,81.99,64,100,7.58,overcast clouds
279,Xuddur,SO,4.12,43.89,72.25,73,4,18.12,clear sky
280,Swellendam,ZA,-34.02,20.44,50.0,76,17,9.17,few clouds
281,College,US,64.86,-147.8,61.0,71,75,1.9,broken clouds
282,Henties Bay,NA,-22.12,14.28,50.0,87,0,11.48,clear sky
283,Luderitz,NA,-26.65,15.16,54.32,81,0,5.12,clear sky
284,West Bay,KY,19.37,-81.42,87.8,74,20,5.82,few clouds
285,Krasnokholm,RU,51.6,54.16,71.02,35,90,6.98,overcast clouds
286,Kenai,US,60.55,-151.26,64.4,63,1,6.93,clear sky
287,Caramay,PH,10.18,119.24,83.08,74,70,1.36,broken clouds
288,Parkersburg,US,39.27,-81.56,82.4,69,20,6.93,few clouds
289,La Orilla,MX,17.98,-102.23,81.99,78,40,12.03,scattered clouds
290,Gunnedah,AU,-30.98,150.25,57.2,58,0,3.36,clear sky
291,Vao,NC,-22.67,167.48,68.59,79,94,20.78,overcast clouds
292,Westport,US,41.14,-73.36,80.6,69,75,10.29,broken clouds
293,Padang,ID,-0.95,100.35,77.74,76,99,3.18,overcast clouds
294,Quesnel,CA,53.0,-122.5,59.0,82,75,6.93,broken clouds
295,Carpinteria,US,34.4,-119.52,88.0,35,0,3.0,clear sky
296,Kishtwar,IN,33.32,75.77,59.0,62,2,3.31,clear sky
297,Yellowknife,CA,62.46,-114.35,55.4,66,90,10.29,overcast clouds
298,Taoudenni,ML,22.68,-3.98,97.25,9,0,11.74,clear sky
299,Whitehorse,CA,60.72,-135.05,48.99,87,75,1.9,light rain
300,Hornepayne,CA,49.21,-84.77,61.32,74,100,4.41,overcast clouds
301,Acara,BR,-1.96,-48.2,74.23,97,83,2.62,broken clouds
302,Narrabri,AU,-30.32,149.78,63.0,44,0,4.7,clear sky
303,Vanersborg,SE,58.38,12.32,53.6,87,100,11.41,overcast clouds
304,Lat Yao,TH,15.75,99.79,77.43,79,78,1.57,broken clouds
305,Adre,TD,13.47,22.2,71.47,82,99,2.51,light rain
306,Preobrazheniye,RU,42.9,133.91,67.84,92,79,16.82,light rain
307,Arman,RU,59.7,150.17,55.67,48,93,13.2,overcast clouds
308,Caninde De Sao Francisco,BR,-9.66,-37.79,70.29,83,74,8.68,broken clouds
309,Nelson Bay,AU,-32.72,152.15,62.01,58,0,9.17,clear sky
310,Idlib,SY,35.93,36.63,78.8,83,0,10.29,clear sky
311,Ossora,RU,59.24,163.07,51.84,77,93,14.94,light rain
312,Sao Filipe,CV,14.9,-24.5,80.4,81,90,3.74,moderate rain
313,Ahipara,NZ,-35.17,173.17,61.83,63,1,8.61,clear sky
314,Ayan,RU,56.45,138.17,60.12,52,0,11.92,clear sky
315,Cauquenes,CL,-35.97,-72.32,46.35,92,100,8.77,light rain
316,Hasaki,JP,35.73,140.83,88.0,74,20,5.82,few clouds
317,Hurricane,US,37.18,-113.29,100.99,12,7,8.01,clear sky
318,Matay,EG,28.42,30.78,76.71,66,0,12.53,clear sky
319,Ilebo,CD,-4.32,20.58,73.49,77,50,1.99,scattered clouds
320,Pevek,RU,69.7,170.31,40.57,87,71,1.39,broken clouds
321,Eugene,US,44.05,-123.09,87.8,23,1,13.87,clear sky
322,Grammichele,IT,37.21,14.64,75.99,60,0,4.7,clear sky
323,Kells,IE,53.73,-6.88,48.99,87,20,12.75,few clouds
324,Brainerd,US,46.36,-94.2,71.6,64,20,12.75,few clouds
325,Anori,BR,-3.77,-61.64,77.29,81,94,2.28,light rain
326,Bonthe,SL,7.53,-12.51,76.32,88,100,9.37,light rain
327,Fayaoue,NC,-20.65,166.53,72.5,87,66,23.64,broken clouds
328,Barra Patuca,HN,15.8,-84.28,82.31,80,74,9.57,light rain
329,Roald,NO,62.58,6.13,55.4,76,2,16.11,clear sky
330,Okhotsk,RU,59.38,143.3,55.71,60,55,6.38,light rain
331,Lasa,IT,46.62,10.7,61.0,100,75,6.93,moderate rain
332,Guerrero Negro,MX,27.98,-114.06,83.05,56,0,16.71,clear sky
333,Syzran,RU,53.16,48.47,62.22,85,67,4.54,broken clouds
334,Tigzirt,DZ,36.89,4.12,80.76,44,0,3.74,clear sky
335,Miranda,CO,3.25,-76.23,77.0,65,75,9.17,broken clouds
336,Velyka Oleksandrivka,UA,47.32,33.3,62.37,60,0,2.48,clear sky
337,Rundu,NA,-17.93,19.77,66.15,33,65,2.19,broken clouds
338,Eston,CA,51.15,-108.75,75.2,27,75,13.87,broken clouds
339,Saint Anthony,US,45.02,-93.22,79.0,57,20,11.41,few clouds
340,Dajabon,DO,19.55,-71.71,82.99,80,10,1.99,clear sky
341,Alofi,NU,-19.06,-169.92,80.6,61,89,21.92,overcast clouds
342,Pilar,BR,-9.6,-35.96,73.4,88,20,3.36,few clouds
343,Zyryanka,RU,65.75,150.85,46.13,73,98,8.1,overcast clouds
344,San Carlos De Bariloche,AR,-41.15,-71.31,33.8,64,20,12.75,few clouds
345,Sibolga,ID,1.74,98.78,76.19,81,94,3.0,overcast clouds
346,Ullapool,GB,57.9,-5.16,48.99,89,31,1.01,scattered clouds
347,Menongue,AO,-14.66,17.69,61.52,46,40,3.22,scattered clouds
348,Pangnirtung,CA,66.15,-65.71,49.91,54,0,3.24,clear sky
349,Hamilton,US,39.18,-84.53,79.0,88,1,3.36,clear sky
350,Dubai,AE,25.26,55.3,95.0,44,77,8.05,broken clouds
351,Palmer,US,42.16,-72.33,69.01,77,20,3.11,few clouds
352,Tornio,FI,65.85,24.15,33.8,100,76,5.82,broken clouds
353,Upata,VE,8.01,-62.4,82.0,76,25,1.99,scattered clouds
354,Miandrivazo,MG,-19.52,45.47,77.61,50,62,2.24,broken clouds
355,Luanda,AO,-8.84,13.23,69.8,88,40,6.93,scattered clouds
356,Wladyslawowo,PL,54.79,18.4,59.0,93,100,13.87,moderate rain
357,Gorontalo,ID,0.54,123.06,81.81,67,38,6.15,scattered clouds
358,Dyersburg,US,36.03,-89.39,78.8,88,75,9.17,broken clouds
359,Perth,AU,-31.93,115.83,59.0,76,34,5.82,scattered clouds
360,Elizabeth City,US,36.29,-76.25,84.2,83,1,6.93,clear sky
361,Faanui,PF,-16.48,-151.75,76.35,79,13,20.36,few clouds
362,Mayfield Heights,US,41.52,-81.46,71.6,88,90,10.29,moderate rain
363,Nhulunbuy,AU,-12.23,136.77,80.6,61,75,19.46,broken clouds
364,Galway,IE,53.27,-9.05,53.6,81,75,10.29,broken clouds
365,Danilov,RU,58.19,40.17,55.4,100,40,4.47,fog
366,Baykit,RU,61.67,96.37,52.68,82,22,1.43,few clouds
367,Kasempa,ZM,-13.46,25.83,67.01,42,41,3.85,scattered clouds
368,Sabang,ID,5.89,95.32,83.44,71,100,4.5,light rain
369,Batagay-Alyta,RU,67.8,130.41,52.02,45,79,1.07,broken clouds
370,Egvekinot,RU,66.32,-179.17,47.52,67,92,11.16,overcast clouds
371,Springdale,US,36.19,-94.13,91.4,46,1,4.7,clear sky
372,Craig,US,40.52,-107.55,84.2,18,1,9.17,clear sky
373,Labuan,MY,5.28,115.24,77.0,94,20,6.98,few clouds
374,Casma,CL,-41.01,-73.12,44.6,75,55,8.05,broken clouds
375,Atikokan,CA,48.76,-91.62,59.85,92,99,7.58,overcast clouds
376,Touros,BR,-5.2,-35.46,75.2,88,7,4.7,clear sky
377,Yangmei,CN,24.1,112.56,77.99,70,29,1.43,scattered clouds
378,Palakollu,IN,16.53,81.73,77.14,91,100,3.29,light rain
379,Fomboni,KM,-12.28,43.74,76.19,79,26,12.21,scattered clouds
380,Almansa,ES,38.87,-1.1,75.99,41,22,1.99,few clouds
381,Benjamin Hill,MX,30.17,-111.1,100.99,32,0,10.0,clear sky
382,Sijunjung,ID,-0.69,100.95,73.6,85,98,0.81,overcast clouds
383,Christchurch,NZ,-43.53,172.63,57.0,66,1,13.87,clear sky
384,Santa Maria,BR,-29.68,-53.81,62.6,100,75,6.93,mist
385,Bassila,BJ,9.01,1.67,70.25,98,87,4.47,overcast clouds
386,Tabou,CI,4.42,-7.35,75.6,86,52,9.08,broken clouds
387,Axim,GH,4.87,-2.24,74.21,90,72,8.19,broken clouds
388,Aldan,RU,58.6,125.39,56.5,48,74,7.45,broken clouds
389,Kindu,CD,-2.95,25.95,72.88,87,30,2.71,scattered clouds
390,Los Alamos,US,35.89,-106.31,91.4,30,40,6.98,scattered clouds
391,Araguacu,BR,-12.93,-49.83,79.77,21,62,3.06,broken clouds
392,Kismayo,SO,-0.36,42.55,77.07,80,30,15.41,scattered clouds
393,Novyy Urengoy,RU,66.08,76.63,58.44,63,99,4.0,overcast clouds
394,Cayenne,GF,4.93,-52.33,78.8,94,45,4.7,scattered clouds
395,Muravlenko,RU,63.79,74.52,52.79,95,73,2.55,broken clouds
396,Vilyuysk,RU,63.76,121.62,59.13,45,100,7.87,overcast clouds
397,Bani,DO,18.28,-70.33,86.0,75,8,5.01,light rain
398,Lavrentiya,RU,65.58,-171.0,50.0,76,71,2.57,broken clouds
399,Ewa Beach,US,21.32,-158.01,89.6,46,40,11.41,scattered clouds
400,Barquisimeto,VE,10.07,-69.32,89.6,52,8,16.11,clear sky
401,Tukrah,LY,32.53,20.58,75.43,77,0,5.68,clear sky
402,Manaure,CO,11.78,-72.44,86.49,67,28,19.26,scattered clouds
403,Sisimiut,GL,66.94,-53.67,48.88,54,87,9.31,overcast clouds
404,Berlevag,NO,70.86,29.09,44.47,69,44,6.82,scattered clouds
405,Nibe,DK,56.98,9.64,59.0,96,100,1.99,overcast clouds
406,Kahului,US,20.89,-156.47,91.4,41,20,26.4,few clouds
407,Alta Floresta,BR,-9.88,-56.09,81.84,39,43,3.76,scattered clouds
408,Verkhoyansk,RU,67.54,133.38,56.5,37,67,2.06,broken clouds
409,Aberdeen,GB,57.14,-2.1,48.2,81,75,13.87,broken clouds
410,Concepcion Del Oro,MX,24.63,-101.42,79.38,29,70,10.65,broken clouds
411,Vanimo,PG,-2.67,141.3,78.12,90,100,14.27,heavy intensity rain
412,San Martin,AR,-33.08,-68.47,62.6,29,6,5.82,clear sky
413,Mirador,BR,-6.37,-44.36,78.12,39,13,2.15,few clouds
414,Bayir,TR,37.27,28.22,68.0,72,0,2.68,clear sky
415,Racale,IT,39.96,18.09,75.99,94,5,4.7,clear sky
416,Moose Factory,CA,51.26,-80.61,53.6,87,1,9.17,clear sky
417,Villanueva De La Serena,ES,38.98,-5.8,62.01,58,50,8.01,light rain
418,Port Blair,IN,11.67,92.75,81.91,73,93,6.13,overcast clouds
419,Toora-Khem,RU,52.47,96.11,49.55,93,100,1.99,moderate rain
420,Puerto Escondido,MX,15.85,-97.07,73.4,64,90,6.93,light rain
421,Andenes,NO,69.31,16.12,48.2,76,71,17.22,drizzle
422,Miajadas,ES,39.15,-5.91,62.01,58,55,8.01,broken clouds
423,Honiara,SB,-9.43,159.95,86.0,74,75,3.36,broken clouds
424,Souillac,MU,-20.52,57.52,71.6,78,40,8.05,scattered clouds
425,Socorro,US,31.65,-106.3,100.4,13,20,4.36,few clouds
426,Milkovo,RU,54.72,158.62,45.45,92,100,2.1,light rain
427,Katangli,RU,51.71,143.23,56.32,68,15,7.16,few clouds
428,Wittmund,DE,53.57,7.78,55.4,87,75,5.82,broken clouds
429,Mocuba,MZ,-16.84,36.99,71.74,75,4,3.44,clear sky
430,Tanout,NE,14.97,8.89,81.0,62,43,16.26,light rain
431,Cap-Aux-Meules,CA,47.38,-61.86,57.2,71,75,9.17,broken clouds
432,Fillan,NO,63.61,8.97,50.0,87,75,2.24,broken clouds
433,Nuevitas,CU,21.55,-77.26,82.4,83,0,11.41,clear sky
434,Valentin Gomez Farias,MX,28.22,-106.58,86.34,25,37,11.95,scattered clouds
435,Khudumelapye,BW,-23.88,24.75,62.28,28,87,6.24,overcast clouds
436,Bilibino,RU,68.05,166.44,49.21,56,100,3.65,overcast clouds
437,Laem Sing,TH,12.48,102.07,77.0,94,78,3.69,broken clouds
438,Chetumal,MX,18.5,-88.3,86.0,74,40,11.41,scattered clouds
439,Alyangula,AU,-13.85,136.42,78.8,57,85,11.41,overcast clouds
440,Coatzintla,MX,20.48,-97.45,89.6,66,90,3.36,overcast clouds
441,Bethanien,NA,-26.5,17.16,39.88,82,1,8.88,clear sky
442,Tianpeng,CN,30.99,103.94,79.0,94,75,6.71,broken clouds
443,Conway,US,35.09,-92.44,88.0,66,1,3.36,clear sky
444,Arrecife,ES,28.96,-13.55,73.4,73,40,20.8,scattered clouds
445,Urumqi,CN,43.8,87.6,60.8,63,19,8.95,few clouds
446,Carthage,TN,36.86,10.33,86.0,28,5,8.05,clear sky
447,San Borja,BO,-14.82,-66.85,79.86,42,59,1.16,broken clouds
448,Galle,LK,6.04,80.22,80.58,81,92,13.56,light rain
449,Grand-Santi,GF,4.25,-54.38,74.19,94,89,2.77,overcast clouds
450,Sambava,MG,-14.27,50.17,68.36,82,49,10.6,scattered clouds
451,Narsaq,GL,60.92,-46.05,59.0,33,100,35.57,light rain
452,Phalaborwa,ZA,-23.94,31.14,78.8,44,0,5.82,clear sky
453,Avera,US,33.19,-82.53,84.2,83,1,4.7,clear sky
454,Huamuxtitlan,MX,17.82,-98.57,77.94,75,27,3.8,moderate rain
455,Broken Hill,AU,-31.95,141.43,59.0,28,0,13.87,clear sky
456,Shingu,JP,33.73,135.98,84.2,74,20,3.36,few clouds
457,Sinegorye,RU,62.08,150.48,39.0,84,100,5.66,light rain
458,Yerofey Pavlovich,RU,53.97,121.97,55.53,60,100,3.33,overcast clouds
459,Londiani,KE,-0.17,35.59,54.05,94,84,1.48,moderate rain
460,Ipixuna,BR,-1.76,-48.8,77.0,88,40,4.23,scattered clouds
461,Viedma,AR,-40.81,-63.0,46.0,73,84,4.72,broken clouds
462,Tezu,IN,27.92,96.17,76.39,74,99,1.7,light rain
463,Byron Bay,AU,-28.65,153.62,64.4,59,40,10.29,scattered clouds
464,Keti Bandar,PK,24.14,67.45,82.38,86,100,15.57,overcast clouds
465,Turukhansk,RU,65.82,87.98,53.13,88,88,3.33,overcast clouds
466,Alexandroupoli,GR,40.85,25.87,72.0,57,0,1.01,clear sky
467,Chapais,CA,49.78,-74.85,55.4,62,20,2.24,few clouds
468,Catamarca,AR,-28.47,-65.79,55.0,31,0,3.0,clear sky
469,Nizhnyaya Tavda,RU,57.67,66.17,57.42,91,36,2.75,scattered clouds
470,Bakchar,RU,57.02,82.07,51.55,97,42,4.88,scattered clouds
471,Reshetylivka,UA,49.56,34.08,56.8,88,7,4.99,clear sky
472,Chabahar,IR,25.29,60.64,81.79,81,2,3.83,clear sky
473,Ust-Kuyga,RU,70.02,135.6,50.49,55,29,2.82,scattered clouds
474,Fonte Boa,BR,-2.5,-66.27,72.18,94,99,0.83,light rain
475,Kodino,RU,63.72,39.64,49.39,83,100,6.76,light rain
476,Clyde River,CA,70.47,-68.59,50.0,71,20,9.17,few clouds
477,Lamu,KE,-2.27,40.9,75.58,82,17,12.48,few clouds
478,Syracuse,IT,37.09,15.28,77.0,88,0,4.7,clear sky
479,Lashio,MM,22.93,97.75,69.78,100,100,0.38,overcast clouds
480,Codrington,AU,-38.27,141.97,54.5,67,0,18.07,clear sky
481,Kalmunai,LK,7.42,81.82,78.26,79,65,5.28,broken clouds
482,Laurinburg,US,34.77,-79.46,84.99,74,1,11.41,clear sky
483,Sokoto,NG,13.06,5.24,75.58,86,98,9.35,overcast clouds
484,Pocone,BR,-16.26,-56.62,84.76,15,0,5.41,clear sky
485,Grindavik,IS,63.84,-22.43,48.2,100,90,11.41,shower rain
486,Pathein,MM,16.78,94.73,78.66,88,41,6.04,scattered clouds
487,Mandalgovi,MN,45.76,106.27,54.37,71,71,8.32,broken clouds
488,Charlottesville,US,38.03,-78.48,86.0,66,1,3.36,clear sky
489,Mana,GF,5.66,-53.78,78.89,86,90,5.64,overcast clouds
490,Mahebourg,MU,-20.41,57.7,71.6,78,40,8.05,scattered clouds
491,Ahuimanu,US,21.44,-157.84,87.8,62,75,10.29,broken clouds
492,Santa Marta,CO,11.24,-74.2,82.0,84,43,8.93,scattered clouds
493,Thinadhoo,MV,0.53,72.93,82.72,64,100,10.11,overcast clouds
494,Itarema,BR,-2.92,-39.92,78.46,78,25,17.29,scattered clouds
495,Liku,ID,-0.73,119.89,80.33,72,23,3.15,few clouds
496,Road Town,VG,18.42,-64.62,82.99,85,39,15.99,scattered clouds
497,Sumbe,AO,-11.21,13.84,68.76,84,97,4.88,overcast clouds
498,Petropavlovsk-Kamchatskiy,RU,53.05,158.65,51.8,100,90,4.47,light intensity shower rain
499,Rio Gallegos,AR,-51.62,-69.22,32.0,85,72,27.51,broken clouds
500,Pangkalanbuun,ID,-2.68,111.62,76.39,92,43,3.24,scattered clouds
501,El Alto,PE,-4.27,-81.21,61.39,90,10,17.25,clear sky
502,Yumen,CN,40.28,97.2,60.67,44,100,6.91,overcast clouds
503,Yar-Sale,RU,66.83,70.83,52.3,89,97,17.63,overcast clouds
504,Adrar,MR,20.5,-10.07,93.45,33,29,22.3,scattered clouds
505,Balabac,PH,7.99,117.06,83.28,74,100,3.67,overcast clouds
506,Japura,ID,-0.32,102.35,75.34,85,97,2.3,overcast clouds
507,Moron,AR,-34.65,-58.62,64.0,93,75,3.36,broken clouds
508,Praia Da Vitoria,PT,38.73,-27.07,77.0,83,40,5.5,scattered clouds
509,Humberto De Campos,BR,-2.6,-43.46,76.82,78,0,6.02,clear sky
510,Ahtopol,BG,42.1,27.95,71.6,88,40,6.93,moderate rain
511,Rabo De Peixe,PT,37.8,-25.58,73.4,94,20,10.29,few clouds
512,Champerico,GT,14.3,-91.92,80.6,83,75,6.93,broken clouds
513,Zykovo,RU,55.95,93.15,46.4,93,77,1.92,fog
514,Madruga,CU,22.91,-81.86,87.01,88,20,6.93,few clouds
515,Eyl,SO,7.98,49.82,76.62,74,23,19.46,few clouds
516,Tarko-Sale,RU,64.92,77.78,48.99,93,15,5.7,few clouds
517,Aborlan,PH,9.44,118.55,83.07,74,41,0.94,scattered clouds
518,Methoni,GR,36.82,21.7,78.01,88,0,7.65,clear sky
519,Kavieng,PG,-2.57,150.8,83.48,75,92,12.3,overcast clouds
520,Chumikan,RU,54.72,135.31,59.31,55,0,9.69,clear sky
521,Pokhara,NP,28.23,83.98,70.88,85,78,0.45,light rain
522,Gohad,IN,26.43,78.44,80.76,84,63,9.53,broken clouds
523,Nerchinskiy Zavod,RU,51.31,119.61,49.57,92,100,4.72,overcast clouds
524,Tulum,MX,20.22,-87.47,86.0,79,75,10.29,broken clouds
525,Port Arthur,CN,38.8,121.27,77.0,78,0,2.24,clear sky
526,Biak,ID,-0.91,122.88,78.91,70,12,9.01,few clouds
527,Le Locle,CH,47.06,6.75,57.2,93,90,3.36,overcast clouds
528,Tigil,RU,57.8,158.67,56.82,54,35,6.73,scattered clouds
529,Rio Claro,BR,-22.41,-47.56,69.8,56,0,4.7,clear sky
530,Bamiantong,CN,44.93,130.53,65.53,94,100,7.83,moderate rain
531,Gobabis,NA,-22.45,18.97,50.61,36,0,10.33,clear sky
532,Mecca,SA,21.43,39.83,87.55,17,0,4.07,clear sky
533,Tutoia,BR,-2.76,-42.27,79.66,77,0,14.43,clear sky
534,Libenge,CD,3.65,18.63,72.39,87,100,0.38,overcast clouds
535,Bay Roberts,CA,47.6,-53.26,60.01,56,37,13.65,scattered clouds
536,Mehriz,IR,31.59,54.43,73.4,18,7,2.24,clear sky
537,Bure,ET,10.7,37.07,56.07,95,80,1.52,light rain
538,Beringovskiy,RU,63.05,179.32,50.9,84,100,15.41,light rain
539,Majholi,IN,23.5,79.92,74.19,96,99,6.78,light rain
540,Lagoa,PT,39.05,-27.98,74.03,95,1,15.61,clear sky
541,Ndioum,SN,16.51,-14.65,87.82,60,44,15.32,light rain
542,Ilula,TZ,-7.68,36.04,59.0,72,5,5.82,clear sky
543,Amapa,BR,1.0,-52.0,73.18,97,97,3.04,moderate rain
544,Carauari,BR,-4.88,-66.9,74.57,94,100,4.23,moderate rain
545,Lata,PT,40.16,-8.33,62.01,77,62,1.01,broken clouds
546,Bollnas,SE,61.35,16.39,45.37,88,24,1.57,few clouds
547,Bogale,MM,16.28,95.4,78.12,91,60,5.06,broken clouds
548,Kununurra,AU,-15.77,128.73,80.6,22,6,19.46,clear sky
549,Takoradi,GH,4.88,-1.76,74.25,90,60,8.57,broken clouds
550,Vila Franca Do Campo,PT,37.72,-25.43,73.4,94,20,10.29,few clouds
551,Blagoyevo,RU,63.37,47.92,50.29,80,89,8.12,overcast clouds
552,Rotterdam,NL,51.92,4.48,57.99,87,46,9.17,scattered clouds
553,Mackenzie,CA,55.3,-123.17,64.4,36,1,16.11,clear sky
554,Am Timan,TD,11.03,20.28,70.57,94,100,3.6,light rain
555,Khetri,IN,27.98,75.8,79.57,73,23,4.12,few clouds
556,Skagen,DK,57.72,10.58,57.0,88,100,11.99,light rain
557,Findochty,GB,57.7,-2.9,52.0,71,50,14.99,scattered clouds
558,Pindiga,NG,9.98,10.93,71.47,93,100,3.78,overcast clouds
559,Palma,ES,39.57,2.65,78.01,83,19,4.7,few clouds
560,Ilam,NP,26.92,87.92,64.36,91,45,2.51,scattered clouds
561,Samarai,PG,-10.62,150.67,78.71,87,99,14.63,moderate rain
562,Yulara,AU,-25.24,130.99,59.0,19,0,10.29,clear sky
563,Vangaindrano,MG,-23.35,47.6,67.87,90,33,4.34,scattered clouds
564,Sayyan,YE,15.17,44.32,61.93,65,91,1.5,overcast clouds
565,Kulhudhuffushi,MV,6.62,73.07,82.47,73,10,10.25,clear sky
566,Saint Leonard,CA,47.17,-67.92,55.99,70,12,6.29,few clouds
567,Rorvik,NO,64.86,11.24,53.1,66,32,11.97,scattered clouds
568,Mombetsu,JP,44.35,143.35,62.85,95,95,7.34,moderate rain
569,Bereda,ES,43.27,-7.54,55.99,100,48,3.0,scattered clouds
570,Ulladulla,AU,-35.35,150.47,62.01,54,0,10.29,clear sky
571,Skjervoy,NO,70.03,20.97,49.05,73,69,12.17,broken clouds
572,The Pas,CA,53.83,-101.25,64.4,59,75,11.41,broken clouds
573,Tuensang,IN,26.28,94.83,69.96,84,100,1.28,overcast clouds
574,Redding,US,40.59,-122.39,105.01,20,1,11.41,clear sky
575,Desna,UA,50.93,30.76,53.6,100,14,2.24,few clouds
576,Port Keats,AU,-14.25,129.55,80.49,30,0,15.35,clear sky
577,Cam Ranh,VN,11.92,109.16,84.2,79,86,3.36,overcast clouds
578,Marrakesh,MA,31.63,-8.01,73.4,64,0,8.05,clear sky
579,Santa Cruz,BO,-17.8,-63.17,77.0,65,43,5.82,scattered clouds
580,Coquimbo,CL,-29.95,-71.34,51.8,81,20,8.05,few clouds
581,Fairbanks,US,64.84,-147.72,61.0,72,75,1.59,broken clouds
582,Tahe,CN,52.33,124.73,53.64,66,100,4.7,overcast clouds
583,Shu,KZ,43.6,73.76,66.0,74,0,8.68,clear sky
584,Mareeba,AU,-17.0,145.43,73.99,73,21,8.99,few clouds
585,Sucua,EC,-2.47,-78.17,71.6,68,40,4.7,scattered clouds
586,Shahpur,IN,16.7,76.83,72.81,88,100,10.25,overcast clouds
587,Nantucket,US,41.28,-70.1,69.8,88,1,9.17,clear sky
588,Arlit,NE,18.74,7.39,80.98,60,85,15.73,light rain
589,Chico,US,39.73,-121.84,96.8,30,5,17.22,clear sky
590,Awjilah,LY,29.11,21.29,77.67,62,0,9.19,clear sky
591,Yenagoa,NG,4.92,6.26,73.81,93,100,1.39,light rain
592,Inuvik,CA,68.35,-133.72,57.2,41,20,9.17,few clouds
593,Yashkul,RU,46.17,45.34,72.19,51,96,7.02,overcast clouds
594,Soyo,AO,-6.13,12.37,72.25,87,99,9.44,overcast clouds
595,Nome,US,64.5,-165.41,59.0,77,90,4.7,overcast clouds
596,Capao Da Canoa,BR,-29.75,-50.01,65.21,80,65,7.54,broken clouds
597,Ilongero,TZ,-4.67,34.87,57.63,77,8,10.36,clear sky
598,Dudinka,RU,69.41,86.18,53.6,71,54,11.18,broken clouds
599,Qaqortoq,GL,60.72,-46.03,59.0,33,100,35.57,light rain
600,Carlisle,US,40.2,-77.19,73.0,92,98,4.27,light rain
601,Oksfjord,NO,70.24,22.35,41.0,86,87,16.11,overcast clouds
602,Narasannapeta,IN,18.42,84.05,78.12,89,50,4.05,scattered clouds
603,Yarada,IN,17.65,83.27,80.6,94,75,2.24,mist
604,Paamiut,GL,61.99,-49.67,46.65,92,100,5.12,light rain
605,Balcesti,RO,44.62,23.95,69.01,59,39,9.17,scattered clouds
606,Rosetta,EG,31.4,30.42,78.8,78,0,6.93,clear sky
607,Walvis Bay,NA,-22.96,14.51,50.0,70,0,2.24,clear sky
608,Teguise,ES,29.06,-13.56,73.4,73,40,20.8,scattered clouds
609,Muros,ES,42.78,-9.06,57.0,92,5,1.01,clear sky
610,Buraydah,SA,26.33,43.98,84.2,26,0,4.7,clear sky
611,Brae,GB,60.4,-1.35,50.0,76,53,12.75,broken clouds
612,Chakia,IN,26.42,85.05,80.2,82,28,9.24,light rain
613,Puerto Ayacucho,VE,5.66,-67.62,82.4,74,40,4.7,scattered clouds
614,Saravan,AM,39.72,45.65,73.4,40,1,4.7,clear sky
615,Sao Jose Da Coroa Grande,BR,-8.9,-35.15,74.46,87,91,6.93,overcast clouds
616,Laurel,US,39.1,-76.85,77.0,88,1,4.74,moderate rain
617,Khani,GE,41.96,42.96,64.4,93,79,4.7,broken clouds
618,Madison,US,34.73,-86.57,75.0,100,90,13.87,heavy intensity rain
619,Kandrian,PG,-6.22,149.55,83.21,74,96,6.49,overcast clouds
620,Sioux Lookout,CA,50.1,-91.92,62.6,72,75,12.75,shower rain
621,Asau,RO,46.43,26.4,57.0,75,34,3.09,scattered clouds
622,Cancun,MX,21.17,-86.85,84.2,83,75,11.41,broken clouds
623,Lazaro Cardenas,MX,17.96,-102.2,82.27,78,38,12.24,scattered clouds
624,Ales,FR,44.13,4.08,63.0,9,98,1.99,light rain
625,Bambanglipuro,ID,-7.95,110.28,78.44,76,21,9.8,few clouds
626,Colac,AU,-38.33,143.58,53.01,74,3,1.99,clear sky
627,Mitsamiouli,KM,-11.38,43.28,75.07,78,12,9.01,few clouds
628,Itaituba,BR,-4.28,-55.98,77.67,77,99,0.94,overcast clouds
629,Honghu,CN,29.82,113.46,77.97,77,0,3.2,clear sky
630,Pasni,PK,25.26,63.47,81.34,85,27,12.06,scattered clouds
631,Kamsack,CA,51.57,-101.9,68.0,49,1,12.75,clear sky
632,Bubaque,GW,11.28,-15.83,80.62,78,100,16.84,light rain
633,Kaeo,NZ,-35.1,173.78,62.01,3,23,5.99,few clouds
634,Rio Grande,BR,-32.03,-52.1,62.6,93,90,5.82,thunderstorm with light rain
635,Ostersund,SE,63.18,14.64,50.0,66,78,8.05,broken clouds
636,Guilin,CN,25.28,110.29,73.4,94,0,1.66,clear sky
637,Gongzhuling,CN,43.5,124.82,62.98,90,100,8.84,overcast clouds
638,Gamba,GA,-2.65,10.0,73.96,88,100,8.63,light rain
639,Benguela,AO,-12.58,13.41,66.67,85,90,4.5,overcast clouds
640,Polonnaruwa,LK,7.93,81.0,77.41,71,64,8.23,broken clouds
641,Laguna,US,38.42,-121.42,96.01,26,1,6.93,haze
642,Marawi,PH,8.0,124.29,80.01,76,85,3.0,overcast clouds
643,Santa Margherita Ligure,IT,44.33,9.21,75.99,72,96,4.0,light rain
644,Maragogi,BR,-9.01,-35.22,73.87,88,98,6.46,overcast clouds
645,Los Llanos De Aridane,ES,28.66,-17.92,77.0,83,7,18.34,clear sky
646,Tautira,PF,-17.73,-149.15,84.2,62,20,11.41,few clouds
647,Mount Holly,US,35.3,-81.02,86.0,66,75,8.05,thunderstorm
648,Hailar,CN,49.2,119.7,50.95,91,100,12.86,light rain
649,Beeville,US,28.4,-97.75,95.0,63,1,14.99,clear sky
650,Zhanakorgan,KZ,43.91,67.25,71.67,29,0,12.84,clear sky
651,Jurilovca,RO,44.77,28.87,68.0,88,5,1.12,clear sky
652,Rutul,RU,41.54,47.42,71.6,60,50,9.17,scattered clouds
653,Achit,RU,56.8,57.9,59.88,78,77,7.67,broken clouds
654,Dhone,IN,15.42,77.88,74.91,80,100,12.21,overcast clouds
655,Morehead,US,37.27,-87.18,75.2,100,90,8.05,moderate rain
656,Muisne,EC,0.6,-80.03,78.8,83,75,6.93,broken clouds
657,Cornelio Procopio,BR,-23.18,-50.65,78.8,34,0,4.99,clear sky
658,Namibe,AO,-15.2,12.15,59.13,82,78,7.58,broken clouds
659,Calama,CL,-22.47,-68.93,64.4,16,9,16.11,clear sky
660,Maningrida,AU,-12.07,134.27,78.24,53,90,14.56,overcast clouds
661,Lakes Entrance,AU,-37.88,147.98,59.0,56,0,10.0,clear sky
662,Mongo,TD,12.18,18.69,74.23,87,100,4.21,light rain
663,Itapaci,BR,-14.95,-49.55,73.96,22,57,3.65,broken clouds
664,Innisfail,AU,-17.53,146.03,64.0,89,98,4.0,light rain
665,Damietta,EG,31.42,31.81,77.0,83,0,9.17,clear sky
666,Svetlogorsk,BY,52.63,29.73,53.24,95,34,2.3,scattered clouds
667,Strezhevoy,RU,60.73,77.59,57.2,100,40,4.47,scattered clouds
668,Majene,ID,-3.54,118.97,80.15,76,8,12.66,clear sky
669,Kropotkin,RU,45.44,40.58,63.19,91,0,6.33,clear sky
670,El Dorado,US,33.21,-92.67,84.2,83,1,4.7,clear sky
671,Fiumicino,IT,41.77,12.23,80.01,94,0,8.05,clear sky
672,Pochutla,MX,15.74,-96.47,78.01,91,100,0.69,light rain
673,Tocoa,HN,15.68,-86.0,85.51,58,86,2.04,overcast clouds
674,Mpulungu,ZM,-8.76,31.11,73.78,45,19,5.88,few clouds
675,Black River,JM,18.03,-77.85,86.0,84,40,10.29,scattered clouds
676,Aswan,EG,24.09,32.91,80.83,24,0,4.81,clear sky
677,Tymovskoye,RU,50.85,142.66,56.23,66,58,6.35,broken clouds
678,Sur,OM,22.57,59.53,83.35,66,80,7.0,broken clouds
679,Telgte,DE,51.98,7.78,55.99,93,40,4.7,scattered clouds
680,Mansa,IN,29.98,75.38,80.19,64,0,4.99,clear sky
681,Kabanjahe,ID,3.1,98.49,63.64,93,59,1.74,broken clouds
682,Verkhnyaya Inta,RU,65.98,60.31,40.8,93,18,3.78,few clouds
683,Royan,FR,45.63,-1.03,60.8,93,40,5.82,scattered clouds
684,Matagami,CA,49.75,-77.63,57.2,76,90,3.18,overcast clouds
685,Belle Fourche,US,44.67,-103.85,75.0,24,1,4.7,clear sky
686,Inverness,GB,57.48,-4.22,50.0,81,85,6.93,overcast clouds
687,Vila Velha,BR,-20.33,-40.29,71.6,94,40,3.36,scattered clouds
688,Thai Binh,VN,20.45,106.33,84.2,89,20,5.82,few clouds
689,Istisu,AZ,40.95,48.07,66.2,88,14,2.24,few clouds
690,Mgandu,TZ,-5.95,34.13,58.1,75,50,8.14,scattered clouds
691,Mutsu,JP,41.29,141.22,84.99,78,20,6.93,few clouds
692,Abonnema,NG,4.71,6.79,75.2,94,75,1.97,broken clouds
693,Bantva,IN,21.49,70.07,79.54,90,100,8.95,moderate rain
694,General Pico,AR,-35.66,-63.76,56.44,59,99,7.02,overcast clouds
695,Tevriz,RU,57.51,72.4,56.79,97,99,4.16,overcast clouds
696,Khalimbekaul,RU,42.85,47.14,77.0,53,20,31.32,few clouds
697,Olden,NO,61.84,6.81,53.01,89,46,1.5,scattered clouds
698,Borgarnes,IS,64.54,-21.92,50.0,87,75,12.75,shower rain
699,Enshi,CN,30.3,109.48,75.72,79,0,0.18,clear sky
700,Scarborough,GB,54.28,-0.4,54.0,88,93,8.01,light rain
701,Hambantota,LK,6.12,81.12,79.72,80,100,16.26,overcast clouds
702,Chibuto,MZ,-24.69,33.53,70.5,71,0,11.48,clear sky
703,Raudeberg,NO,61.99,5.14,55.99,84,3,18.16,clear sky
704,Coari,BR,-4.08,-63.14,77.16,85,97,3.62,light rain
705,Wanning,CN,18.8,110.4,81.5,82,81,4.74,broken clouds
706,Nizhniy Tsasuchey,RU,50.52,115.13,52.9,90,100,6.38,light rain
707,Barcelos,PT,41.54,-8.62,60.01,87,3,6.93,clear sky
708,Caravelas,BR,-17.71,-39.25,70.52,86,0,3.71,clear sky
709,Lompoc,US,34.64,-120.46,69.01,72,1,14.99,clear sky
710,Kurumkan,RU,54.3,110.3,54.09,83,100,5.1,light rain
711,Islampur,IN,26.27,88.2,79.7,84,15,3.0,light rain
712,San Rafael,AR,-34.62,-68.33,60.06,30,26,5.79,scattered clouds
713,Zhanaozen,KZ,43.3,52.8,74.25,20,0,12.3,clear sky
714,Bondo,CD,3.81,23.69,69.37,97,96,4.05,light rain
715,San Blas,MX,21.52,-105.27,75.2,94,90,9.01,overcast clouds
716,Caxito,AO,-8.58,13.66,69.8,88,40,6.93,scattered clouds
717,Livani,LV,56.35,26.18,47.77,84,38,1.3,scattered clouds
